 ,0,Monterrey,Tegucigalpa
Torreon,0.9994425418569254,0.999998097412481,1.0
Cd. Juarez,0.9992161339421614,1.0,1.0
La Paz (BC),0.9991552511415525,1.0,1.0
Tijuana,0.9989554794520548,1.0,1.0
Oaxaca,0.9986111111111111,1.0,1.0
Queretaro,0.998453196347032,0.9999619482496195,1.0
CDMX,0.998228691019787,0.9999543378995434,1.0
Guadalajara,0.9977245053272451,0.9999885844748858,1.0
